Rank,Player,Team,Bye,POS,ESPN,Sleeper,CBS,NFL,RTSports,Fantrax,AVG,Real-Time (?),
1,Ja'Marr Chase,CIN,10,WR1,1,1,1,1,1,1,1,1,
2,Bijan Robinson,ATL,5,RB1,2,3,2,2,2,2,2.2,2,
3,Saquon Barkley,PHI,9,RB2,3,2,3,4,4,6,3.7,3,
4,Jahmyr Gibbs,DET,8,RB3,5,4,4,6,3,4,4.3,4,
5,Justin Jefferson,MIN,6,WR2,4,5,6,5,6,3,4.8,1-Jun,
6,CeeDee Lamb,DAL,10,WR3,6,7,5,3,5,5,5.2,5  +1,
7,Christian McCaffrey,SF,14,RB4,7,11,8,11,7,7,8.5,1-Aug,
8,Amon-Ra St. Brown,DET,8,WR4,9,6,12,8,10,11,9.3,7  +1,
9,Malik Nabers,NYG,14,WR5,10,10,11,9,9,9,9.7,9,
10,Puka Nacua,LAR,8,WR6,8,9,13,7,17,8,10.3,1-Nov,
11,Derrick Henry,BAL,7,RB5,12,8,7,10,12,13,10.3,10  +1,
12,Ashton Jeanty,LV,8,RB6,11,12,9,12,8,10,10.3,13  -1,
13,Nico Collins,HOU,6,WR7,13,14,14,16,11,12,13.3,12  +1,
14,Brian Thomas Jr.,JAC,8,WR8,16,15,19,13,13,14,15,14,
15,De'Von Achane,MIA,12,RB7,14,13,17,14,18,15,15.2,15,
16,Josh Jacobs,GB,5,RB8,18,16,10,19,14,20,16.2,17  -1,
17,Brock Bowers,LV,8,TE1,20,18,23,17,21,17,19.3,18  -1,
18,Drake London,ATL,5,WR9,21,17,24,20,19,16,19.5,16  +2,
19,Jonathan Taylor,IND,11,RB9,15,23,20,22,20,19,19.8,21  -2,
20,A.J. Brown,PHI,9,WR10,17,19,28,15,23,18,20,19  +1,
21,Josh Allen,BUF,7,QB1,19,21,15,21,25,24,20.8,23  -2,
22,Bucky Irving,TB,9,RB10,22,22,22,24,16,22,21.3,22,
23,Lamar Jackson,BAL,7,QB2,23,20,16,18,24,28,21.5,25  -2,
24,Kyren Williams,LAR,8,RB11,30,25,18,25,22,25,24.2,26  -2,
25,Chase Brown,CIN,10,RB12,24,27,21,30,15,29,24.3,20  +5,
26,Ladd McConkey,LAC,12,WR11,29,24,30,23,29,21,26,24  +2,
27,Trey McBride,ARI,8,TE2,25,28,35,26,27,23,27.3,27,
28,James Cook,BUF,7,RB13,32,31,27,29,28,35,30.3,29  -1,
29,Tee Higgins,CIN,10,WR12,26,30,32,32,36,27,30.5,28  +1,
30,Jayden Daniels,WAS,12,QB3,27,32,29,27,33,36,30.7,31  -1,
31,Tyreek Hill,MIA,12,WR13,31,26,39,36,31,30,32.2,32  -1,
32,Jaxon Smith-Njigba,SEA,8,WR14,36,29,41,39,32,26,33.8,30  +2,
33,Joe Burrow,CIN,10,QB4,33,36,25,35,37,39,34.2,41  -8,
34,Jalen Hurts,PHI,9,QB5,28,33,31,34,43,43,35.3,34,
35,Omarion Hampton,LAC,12,RB14,39,41,37,48,26,31,37,36  -1,
36,Alvin Kamara,NO,11,RB15,38,39,26,45,30,44,37,39  -3,
37,Breece Hall,NYJ,9,RB16,51,34,40,31,34,34,37.3,38  -1,
38,George Kittle,SF,14,TE3,35,37,38,38,40,40,38,33  +5,
39,Mike Evans,TB,9,WR15,40,40,36,33,46,37,38.7,35  +4,
40,Davante Adams,LAR,8,WR16,34,43,34,46,41,38,39.3,44  -4,
41,Garrett Wilson,NYJ,9,WR17,41,35,51,37,42,32,39.7,40  +1,
42,Terry McLaurin,WAS,12,WR18,37,42,47,28,45,45,40.7,37  +5,
43,Kenneth Walker,SEA,8,RB17,43,44,33,40,38,46,40.7,43,
44,Marvin Harrison Jr.,ARI,8,WR19,45,38,45,41,44,33,41,42  +2,
45,Chuba Hubbard,CAR,14,RB18,42,46,43,54,39,49,45.5,48  -3,
46,TreVeyon Henderson,NE,14,RB19,50,55,44,59,35,42,47.5,45  +1,
47,James Conner,ARI,8,RB20,48,48,42,49,47,55,48.2,46  +1,
48,DJ Moore,CHI,5,WR20,53,50,52,47,51,41,49,49  -1,
49,DK Metcalf,PIT,5,WR21,47,45,48,53,52,51,49.3,47  +2,
50,Patrick Mahomes,KC,10,QB6,44,51,46,42,59,59,50.2,52  -2,
51,Sam LaPorta,DET,8,TE4,46,47,58,43,65,56,52.5,50  +1,
52,Courtland Sutton,DEN,12,WR22,58,52,53,55,50,48,52.7,51  +1,
53,Xavier Worthy,KC,10,WR23,49,57,50,67,63,47,55.5,61  -8,
54,DeVonta Smith,PHI,9,WR24,62,54,59,56,60,50,56.8,54,
55,D'Andre Swift,CHI,5,RB21,54,69,49,58,48,71,58.2,60  -5,
56,David Montgomery,DET,8,RB22,60,53,57,66,58,61,59.2,63  -7,
57,Jameson Williams,DET,8,WR25,67,63,64,51,61,52,59.7,56  +1,
58,Rashee Rice,KC,10,WR26,59,49,75,44,66,69,60.3,59  -1,
59,Zay Flowers,BAL,7,WR27,55,56,63,72,69,54,61.5,66  -7,
60,Isiah Pacheco,KC,10,RB23,64,60,66,62,54,68,62.3,53  +7,
61,Travis Kelce,KC,10,TE5,57,62,60,57,62,78,62.7,64  -3,
62,RJ Harvey,DEN,12,RB24,75,64,56,70,49,64,63,55  +7,
63,Tetairoa McMillan,CAR,14,WR28,74,61,67,73,53,53,63.5,57  +6,
64,Baker Mayfield,TB,9,QB7,52,65,55,61,73,76,63.7,70  -6,
65,T.J. Hockenson,MIN,6,TE6,56,58,70,50,77,73,64,58  +7,
66,Calvin Ridley,TEN,10,WR29,61,71,68,68,56,60,64,67  -1,
67,George Pickens,DAL,10,WR30,63,59,62,75,64,62,64.2,62  +5,
68,Aaron Jones,MIN,6,RB25,69,67,54,76,57,65,64.7,71  -3,
69,Tony Pollard,TEN,10,RB26,72,74,61,79,55,67,68,65  +4,
70,Travis Hunter,JAC,8,WR31,73,66,84,63,74,58,69.7,69  +1,
71,Bo Nix,DEN,12,QB8,68,72,69,65,80,77,71.8,72  -1,
72,Jaylen Waddle,MIA,12,WR32,65,68,82,85,79,57,72.7,68  +4,
73,Mark Andrews,BAL,7,TE7,71,73,71,52,93,84,74,73,
74,Jerry Jeudy,CLE,9,WR33,66,75,72,100,67,70,75,79  -5,
75,Kaleb Johnson,PIT,5,RB27,93,79,79,80,76,74,80.2,77  -2,
76,Rome Odunze,CHI,5,WR34,76,80,97,89,82,63,81.2,75  +1,
77,Chris Olave,NO,11,WR35,84,77,100,87,78,66,82,74  +3,
78,Joe Mixon,HOU,6,RB28,88,70,65,60,88,127,83,94  -16,
79,Tyrone Tracy Jr.,NYG,14,RB29,81,91,73,105,68,80,83,81  -2,
80,Evan Engram,DEN,12,TE8,78,76,95,74,91,90,84,76  +4,
81,Deebo Samuel,WAS,12,WR36,96,82,74,97,85,72,84.3,84  -3,
82,David Njoku,CLE,9,TE9,70,83,77,86,99,96,85.2,83  -1,
83,Stefon Diggs,NE,14,WR37,86,86,90,95,86,79,87,85  -2,
84,Kyler Murray,ARI,8,QB9,77,93,81,81,105,86,87.2,89  -5,
85,Jakobi Meyers,LV,8,WR38,82,81,78,119,92,75,87.8,86  -1,
86,Jaylen Warren,PIT,5,RB30,85,94,87,108,71,83,88,87  -1,
87,Cooper Kupp,SEA,8,WR39,80,85,94,107,89,82,89.5,93  -6,
88,Ricky Pearsall,SF,14,WR40,103,98,76,111,72,92,92,82  +6,
89,Tyler Warren,IND,11,TE10,87,87,99,92,97,93,92.5,80  +9,
90,Emeka Egbuka,TB,9,WR41,95,95,85,127,70,87,93.2,78  +12,
91,Jordan Addison,MIN,6,WR42,109,84,103,94,96,81,94.5,92  -1,
92,Matthew Golden,GB,5,WR43,83,90,101,118,87,91,95,88  +4,
93,Travis Etienne,JAC,8,RB31,118,92,91,120,83,89,98.8,91  +2,
94,Chris Godwin,TB,9,WR44,89,100,107,90,103,111,100,111  -17,
95,Brock Purdy,SF,14,QB10,79,109,88,106,123,98,100.5,95,
96,Khalil Shakir,BUF,7,WR45,105,96,117,103,104,85,101.7,101  -5,
97,Dak Prescott,DAL,10,QB11,101,115,80,117,95,107,102.5,96  +1,
98,Jared Goff,DET,8,QB12,119,89,89,102,120,101,103.3,114  -16,
99,Jordan Mason,MIN,6,RB32,127,107,96,132,75,94,105.2,90  +9,
100,Cam Skattebo,NYG,14,RB33,117,101,113,101,102,97,105.2,102  -2,
101,Denver Broncos,DST,12,DST1,97,106,106,82,128,120,106.5,116  -15,
102,Brandon Aubrey,DAL,10,K1,104,99,104,71,129,133,106.7,106  -4,
103,Jauan Jennings,SF,14,WR46,115,102,118,110,101,95,106.8,99  +4,
104,J.K. Dobbins,DEN,12,RB34,99,108,102,142,90,106,107.8,97  +7,
105,Jacory Croskey-Merritt,WAS,12,RB35,98,156,83,158,81,88,110.7,103  +2,
106,Justin Fields,NYJ,9,QB13,116,154,112,64,122,103,111.8,107  -1,
107,Quinshon Judkins,CLE,9,RB36,122,78,108,96,111,156,111.8,104  +3,
108,Tucker Kraft,GB,5,TE11,107,117,114,115,110,109,112,100  +8,
109,Javonte Williams,DAL,10,RB37,106,112,109,148,94,105,112.3,105  +4,
110,Justin Herbert,LAC,12,QB14,91,105,120,123,130,108,112.8,112  -2,
111,Philadelphia Eagles,DST,9,DST2,124,97,86,91,144,141,113.8,113  -2,
112,Zach Charbonnet,SEA,8,RB38,142,111,93,155,84,100,114.2,98  +14,
113,Rhamondre Stevenson,NE,14,RB39,111,128,111,126,107,102,114.2,120  -7,
114,Colston Loveland,CHI,5,TE12,110,103,127,114,113,121,114.7,109  +5,
115,Michael Pittman,IND,11,WR47,92,122,98,167,112,99,115,115,
116,Caleb Williams,CHI,5,QB15,108,139,121,113,106,128,119.2,128  -12,
117,Brian Robinson,SF,14,RB40,150,88,115,98,116,149,119.3,108  +9,
118,Jayden Reed,GB,5,WR48,125,110,132,131,115,104,119.5,118,
119,Austin Ekeler,WAS,12,RB41,100,131,92,150,98,152,120.5,110  +9,
120,Keon Coleman,BUF,7,WR49,113,124,119,140,119,113,121.3,117  +3,
121,Baltimore Ravens,DST,7,DST3,114,104,110,121,164,118,121.8,129  -8,
122,Josh Downs,IND,11,WR50,140,120,131,138,121,112,127,123  -1,
123,Dalton Kincaid,BUF,7,TE13,126,113,141,128,138,125,128.5,119  +4,
124,Jake Bates,DET,8,K2,102,118,168,104,166,129,131.2,136  -12,
125,Drake Maye,NE,14,QB16,131,136,128,144,135,114,131.3,124  +1,
126,C.J. Stroud,HOU,6,QB17,141,121,129,133,147,122,132.2,131  -5,
127,Tank Bigsby,JAC,8,RB42,129,140,105,209,100,123,134.3,121  +6,
128,Cameron Dicker,LAC,12,K3,120,126,156,78,155,174,134.8,127  +1,
129,Pittsburgh Steelers,DST,5,DST4,90,119,133,130,160,177,134.8,141  -12,
130,Kyle Pitts,ATL,5,TE14,138,114,146,129,142,144,135.5,122  +8,
131,Najee Harris,LAC,12,RB43,170,145,135,116,125,126,136.2,138  -7,
132,Jake Ferguson,DAL,10,TE15,132,129,138,159,131,137,137.7,132,
133,Buffalo Bills,DST,7,DST5,152,125,126,93,153,178,137.8,135  -2,
134,Jordan Love,GB,5,QB18,134,147,125,141,156,135,139.7,148  -14,
135,Houston Texans,DST,6,DST6,94,137,144,143,161,160,139.8,160  -25,
136,Jaydon Blue,DAL,10,RB44,158,141,137,153,109,143,140.2,145  -9,
137,Dallas Goedert,PHI,9,TE16,128,143,124,139,168,145,141.2,139  -2,
138,Darnell Mooney,ATL,5,WR51,136,135,122,179,133,151,142.7,140  -2,
139,Brandon Aiyuk,SF,14,WR52,162,134,158,124,141,138,142.8,144  -5,
140,Rachaad White,TB,9,RB45,147,164,134,146,126,140,142.8,147  -7,
141,J.J. McCarthy,MIN,6,QB19,133,149,147,152,146,130,142.8,151  -10,
142,Rashid Shaheed,NO,11,WR53,130,138,159,182,148,116,145.5,125  +17,
143,Nick Chubb,HOU,6,RB46,151,127,123,188,114,171,145.7,126  +17,
144,Minnesota Vikings,DST,6,DST7,121,130,139,149,171,164,145.7,154  -10,
145,Jonnu Smith,PIT,5,TE17,181,116,178,84,151,166,146,155  -10,
146,Tyjae Spears,TEN,10,RB47,144,153,150,193,117,119,146,153  -7,
147,Jayden Higgins,HOU,6,WR54,139,123,164,205,134,117,147,133  +14,
148,Braelon Allen,NYJ,9,RB48,161,159,130,202,108,124,147.3,130  +18,
149,Chase McLaughlin,TB,9,K4,112,144,162,112,185,172,147.8,162  -13,
150,Marvin Mims,DEN,12,WR55,166,148,166,173,136,115,150.7,137  +13,
151,Christian Kirk,HOU,6,WR56,177,166,136,171,154,110,152.3,142  +9,
152,Keenan Allen,LAC,12,WR57,123,158,149,228,132,131,153.5,143  +9,
153,Zach Ertz,WAS,12,TE18,157,151,116,164,172,168,154.7,157  -4,
154,Bhayshul Tuten,JAC,8,RB49,197,173,153,161,127,132,157.2,149  +5,
155,Chris Boswell,PIT,5,K5,146,133,199,69,211,195,158.8,134  +21,
156,Trevor Lawrence,JAC,8,QB20,168,179,148,176,150,134,159.2,165  -9,
157,Trey Benson,ARI,8,RB50,155,163,152,231,124,136,160.2,156  +1,
158,Marquise Brown,KC,10,WR58,172,192,214,122,159,142,166.8,175  -17,
159,Hunter Henry,NE,14,TE19,156,172,157,172,163,182,167,158  +1,
160,San Francisco 49ers,DST,14,DST8,185,167,181,77,213,184,167.8,146  +14,
161,Tyler Allgeier,ATL,5,RB51,164,186,170,178,145,165,168,168  -7,
162,Jerome Ford,CLE,9,RB52,167,184,145,247,118,153,169,161  +1,
163,Detroit Lions,DST,8,DST9,137,132,177,151,207,210,169,163,
164,Luther Burden III,CHI,5,WR59,186,150,172,210,152,146,169.3,159  +5,
165,Ka'imi Fairbairn,HOU,6,K6,182,174,198,88,174,201,169.5,152  +13,
166,Rashod Bateman,BAL,7,WR60,176,168,142,183,201,162,172,150  +16,
167,Jake Elliott,PHI,9,K7,143,142,184,135,221,211,172.7,169  -2,
168,Ray Davis,BUF,7,RB53,195,182,161,215,137,147,172.8,167  +1,
169,Tua Tagovailoa,MIA,12,QB21,163,209,154,195,170,150,173.5,192  -23,
170,Kansas City Chiefs,DST,10,DST10,183,160,180,136,196,191,174.3,170,
171,Harrison Butker,KC,10,K8,148,146,185,145,202,223,174.8,173  -2,
172,Cam Ward,TEN,10,QB22,171,165,182,166,209,158,175.2,183  -11,
173,Adam Thielen,CAR,14,WR61,153,169,174,208,215,148,177.8,171  +2,
174,Tyler Bass,BUF,7,K9,145,170,169,147,247,203,180.2,184  -10,
175,Isaac Guerendo,SF,14,RB54,206,176,167,196,173,176,182.3,195  -20,
176,Matthew Stafford,LAR,8,QB23,165,207,163,169,206,185,182.5,180  -4,
177,Michael Penix Jr.,ATL,5,QB24,174,183,173,186,191,189,182.7,178  -1,
178,Xavier Legette,CAR,14,WR62,159,189,200,207,188,159,183.7,191  -13,
179,Bryce Young,CAR,14,QB25,189,191,192,191,192,154,184.8,201  -22,
180,Cam Little,JAC,8,K10,160,157,194,156,229,214,185,185  -5,
181,Wan'Dale Robinson,NYG,14,WR63,175,193,160,250,181,167,187.7,182  -1,
182,Isaiah Likely,BAL,7,TE20,199,171,188,160,216,207,190.2,196  -14,
183,Jason Sanders,MIA,12,K11,154,246,183,109,241,212,190.8,198  -15,
184,Tyler Loop,BAL,7,K12,178,162,205,200,218,188,191.8,215  -31,
185,Jaylen Wright,MIA,12,RB55,173,194,202,237,165,180,191.8,207  -22,
186,Seattle Seahawks,DST,8,DST11,135,177,197,177,254,218,193,221  -35,
187,Wil Lutz,DEN,12,K13,211,201,209,134,187,222,194,181  +6,
188,Geno Smith,LV,8,QB26,205,238,175,203,186,157,194,205  -17,
189,Green Bay Packers,DST,5,DST12,201,200,143,194,238,199,195.8,236  -47,
190,Brenton Strange,JAC,8,TE21,213,187,187,252,178,179,199.3,194  -4,
191,Darren Waller,MIA,12,TE22,179,202,186,189,220,230,201,189  +2,
192,Cedric Tillman,CLE,9,WR64,169,190,206,319,179,161,204,179  +13,
193,Los Angeles Chargers,DST,12,DST13,228,236,176,157,239,197,205.5,213  -20,
194,Ollie Gordon II,MIA,12,RB56,219,198,140,259,139,280,205.8,174  +20,
195,Evan McPherson,CIN,10,K14,191,180,190,185,243,247,206,202  -7,
196,Younghoe Koo,ATL,5,K15,193,161,195,170,244,277,206.7,211  -15,
197,Dallas Cowboys,DST,10,DST14,196,226,165,163,235,276,210.2,246  -49,
198,Arizona Cardinals,DST,8,DST15,217,197,217,154,240,248,212.2,228  -30,
199,Washington Commanders,DST,12,DST16,210,155,204,168,256,295,214.7,237  -38,
200,Los Angeles Rams,DST,8,DST17,225,231,216,197,224,232,220.8,261  -61,
201,New York Giants,DST,14,DST18,190,230,171,184,233,324,222,284  -83,
202,New York Jets,DST,9,DST19,194,233,196,214,251,270,226.3,254  -52,
203,Will Shipley,PHI,9,RB57,241,216,211,312,183,205,228,200  +3,
204,Dylan Sampson,CLE,9,RB58,,185,179,257,140,155,183.2,164  +40,
205,Rico Dowdle,CAR,14,RB59,,195,208,217,143,163,185.2,186  +19,
206,Kareem Hunt,KC,10,RB60,,188,210,204,158,216,195.2,199  +7,
207,Tampa Bay Buccaneers,DST,9,DST20,204,214,,137,242,183,196,216  -9,
208,Matt Gay,WAS,12,K16,180,,151,181,227,244,196.6,230  -22,
209,Cade Otton,TB,9,TE23,187,220,,211,176,194,197.6,214  -5,
210,Aaron Rodgers,PIT,5,QB27,192,212,,192,203,193,198.4,226  -16,
211,Romeo Doubs,GB,5,WR65,,215,201,230,195,170,202.2,193  +18,
212,Pat Freiermuth,PIT,5,TE24,198,221,,175,225,192,202.2,212,
213,Sam Darnold,SEA,8,QB28,200,235,,199,217,173,204.8,218  -5,
214,DeMario Douglas,NE,14,WR66,,208,203,261,184,186,208.4,197  +17,
215,Chicago Bears,DST,5,DST21,207,,212,83,246,303,210.2,166  +49,
216,Daniel Carlson,LV,8,K17,212,199,,162,252,252,215.4,223  -7,
217,New England Patriots,DST,14,DST22,149,203,,190,253,284,215.8,245  -28,
218,Raheem Mostert,LV,8,RB61,,241,193,245,199,231,221.8,264  -46,
219,Tre' Harris,LAC,12,WR67,,152,,165,167,139,155.8,172  +47,
220,Dalton Schultz,HOU,6,TE25,259,242,,216,198,227,228.4,248  -28,
221,Roschon Johnson,CHI,5,RB62,,225,207,297,204,221,230.8,217  +4,
222,Brandon McManus,GB,5,K18,216,,213,206,234,320,237.8,282  -60,
223,Jake Moody,SF,14,K19,209,227,,201,255,302,238.8,259  -36,
224,Isaac TeSlaa,DET,8,WR68,218,229,,233,222,297,239.8,204  +20,
225,Kyle Williams,NE,14,WR69,,175,,224,180,169,187,190  +35,
226,DeAndre Hopkins,BAL,7,WR70,,213,,187,157,206,190.8,222  +4,
227,Joshua Palmer,BUF,7,WR71,,181,,235,190,175,195.3,177  +50,
228,Kendre Miller,NO,11,RB63,,290,189,371,248,187,257,260  -32,
229,Chig Okonkwo,TEN,10,TE26,,204,,221,189,200,203.5,187  +42,
230,Jack Bech,LV,8,WR72,,196,,239,194,220,212.3,234  -4,
231,Justice Hill,BAL,7,RB64,,243,,234,177,219,218.3,242  -11,
232,Blake Corum,LAR,8,RB65,,222,,243,223,196,221,206  +26,
233,Quentin Johnston,LAC,12,WR73,,244,191,270,,181,221.5,224  +9,
234,Cincinnati Bengals,DST,10,DST23,220,,,99,250,328,224.3,176  +58,
235,Elijah Arroyo,SEA,8,TE27,,206,,272,212,208,224.5,235,
236,Dont'e Thornton Jr.,LV,8,WR74,,178,,268,182,271,224.8,188  +48,
237,Shedeur Sanders,CLE,9,QB29,203,205,,212,,283,225.8,267  -30,
238,Mason Taylor,NYJ,9,TE28,,218,,271,197,224,227.5,220  +18,
239,Jaxson Dart,NYG,14,QB30,202,232,,240,,236,227.5,255  -16,
240,Will Reichard,MIN,6,K20,215,228,,198,,272,228.3,283  -43,
241,Tory Horton,SEA,8,WR75,367,237,,339,214,256,282.6,252  -11,
242,Alec Pierce,IND,11,WR76,,250,,255,210,202,229.3,241  +1,
243,Troy Franklin,DEN,12,WR77,286,327,,299,245,274,286.2,268  -25,
244,Russell Wilson,NYG,14,QB31,237,275,,227,,209,237,271  -27,
245,Anthony Richardson,IND,11,QB32,261,245,,223,,225,238.5,225  +20,
246,DJ Giddens,IND,11,RB66,,247,,315,205,198,241.3,227  +19,
247,Keaton Mitchell,BAL,7,RB67,,234,,286,193,255,242,229  +18,
248,Miles Sanders,DAL,10,RB68,,249,,273,236,217,243.8,270  -22,
249,Cole Kmet,CHI,5,TE29,222,306,,229,,228,246.3,251  -2,
250,Kyle Monangai,CHI,5,RB69,,240,,321,149,292,250.5,238  +12,
251,Woody Marks,HOU,6,RB70,,210,,359,169,266,251,203  +48,
252,Elijah Mitchell,KC,10,RB71,,312,,253,200,250,253.8,,
253,MarShawn Lloyd,GB,5,RB72,,276,215,305,,234,257.5,269  -16,
254,Daniel Jones,IND,11,QB33,,323,155,317,,249,261,253  +1,
255,Roman Wilson,PIT,5,WR78,317,291,,357,249,336,310,272  -17,
256,Noah Gray,KC,10,TE30,242,301,,241,,275,264.8,,
257,Indianapolis Colts,DST,11,DST24,184,315,,232,,339,267.5,,
258,Las Vegas Raiders,DST,8,DST25,224,300,,226,,321,267.8,,
259,Darius Slayton,NYG,14,WR79,,286,,309,232,245,268,243  +16,
260,Pat Bryant,DEN,12,WR80,,223,,373,228,260,271,240  +20,
261,Amari Cooper,LV,8,WR81,,266,,349,226,253,273.5,210  +51,
262,Brashard Smith,KC,10,RB73,,257,,386,230,229,275.5,262,
263,Miami Dolphins,DST,12,DST26,321,282,,218,,287,277,285  -22,
264,Joe Flacco,CLE,9,QB34,244,322,,263,,279,277,256  +8,
265,New Orleans Saints,DST,11,DST27,233,302,,244,,331,277.5,,
266,Justin Tucker,,,K21,214,293,,267,,353,281.8,,
267,Zack Moss,,,RB74,271,361,,222,,273,281.8,,
268,Trevor Etienne,CAR,14,RB75,,347,,262,237,290,284,275  -7,
269,Cleveland Browns,DST,9,DST28,208,,,125,,318,217,209  +60,
270,Jalen Milroe,SEA,8,QB35,267,305,,291,,288,287.8,,
271,Jarquez Hunter,LAR,8,RB76,,252,,525,175,238,297.5,274  -3,
272,Mike Gesicki,CIN,10,TE31,,217,,264,,190,223.7,231  +41,
273,Dameon Pierce,HOU,6,RB77,327,,,296,219,340,295.5,249  +24,
274,Tennessee Titans,DST,10,DST29,235,264,,266,,417,295.5,,
275,Tahj Brooks,CIN,10,RB78,,239,,479,208,259,296.3,239  +36,
276,Jacksonville Jaguars,DST,8,DST30,284,320,,248,,333,296.3,,
277,Atlanta Falcons,DST,5,DST31,231,,,220,,239,230,,
278,Terrance Ferguson,LAR,8,TE32,275,273,,363,,296,301.8,,
279,Tyler Lockett,TEN,10,WR82,,219,,238,,257,238,219  +60,
280,Jalen McMillan,TB,9,WR83,,224,,225,,293,247.3,258  +22,
281,Elic Ayomanor,TEN,10,WR84,,211,,329,,215,251.7,208  +73,
282,Cairo Santos,CHI,5,K22,188,,,219,,351,252.7,,
283,Tyler Conklin,LAC,12,TE33,351,355,,265,,289,315,,
284,Dontayvion Wicks,GB,5,WR85,404,316,,320,,226,316.5,,
285,Calvin Austin III,PIT,5,WR86,,261,,274,,240,258.3,266  +19,
286,Taysom Hill,NO,11,TE34,238,365,,290,,397,322.5,,
287,Ja'Tavion Sanders,CAR,14,TE35,,263,,278,,251,264,277  +10,
288,Chris Rodriguez Jr.,WAS,12,RB79,422,,,403,162,306,323.3,232  +56,
289,Jalen Coker,CAR,14,WR87,,258,,342,,213,271,257  +32,
290,Jaylin Noel,HOU,6,WR88,,255,,360,,204,273,280  +10,
291,Andrei Iosivas,CIN,10,WR89,,284,,277,,258,273,276  +15,
292,Graham Gano,NYG,14,K23,230,,,251,,342,274.3,,
293,Jaleel McLaughlin,DEN,12,RB80,,336,,174,,314,274.7,233  +60,
294,Juwan Johnson,NO,11,TE36,,297,,281,,246,274.7,,
295,Adonai Mitchell,IND,11,WR90,,248,,346,,243,279,265  +30,
296,Kirk Cousins,ATL,5,QB36,232,,,275,,335,280.7,,
297,Theo Johnson,NYG,14,TE37,,278,,302,,262,280.7,247  +50,
298,Ray-Ray McCloud III,ATL,5,WR91,,,,333,231,282,282,,
299,Michael Wilson,ARI,8,WR92,,271,,337,,242,283.3,250  +49,
300,Luke McCaffrey,WAS,12,WR93,248,,,313,,291,284,,
301,Harold Fannin Jr.,CLE,9,TE38,303,292,,436,,325,339,,
302,Diontae Johnson,,,WR94,,314,,283,,264,287,244  +58,
303,Dawson Knox,BUF,7,TE39,226,,,246,,390,287.3,,
304,Marquez Valdes-Scantling,,,WR95,409,356,,307,,294,341.5,,
305,Jalen Royals,KC,10,WR96,445,251,,438,,237,342.8,263  +42,
306,Andy Borregales,NE,14,K24,250,,,285,,337,290.7,,
307,Dyami Brown,JAC,8,WR97,,267,,365,,241,291,273  +34,
308,JuJu Smith-Schuster,KC,10,WR98,253,,,258,,372,294.3,,
309,Tyler Higbee,LAR,8,TE40,,341,,280,,263,294.7,,
310,Audric Estime,,,RB81,390,374,,340,,286,347.5,,
311,Blake Grupe,NO,11,K25,236,,,236,,424,298.7,,
312,Tyler Shough,NO,11,QB37,,309,,355,,233,299,,
313,Jordan James,SF,14,RB82,,295,,335,,268,299.3,,
314,Carolina Panthers,DST,14,DST32,223,,,289,,398,303.3,,
315,Tank Dell,HOU,6,WR99,243,,,260,,407,303.3,,
316,Jameis Winston,NYG,14,QB38,262,,,323,,329,304.7,,
317,Elijah Moore,BUF,7,WR100,278,,,295,,344,305.7,,
318,Tutu Atwell,LAR,8,WR101,,350,,325,,261,312,,
319,Spencer Shrader,IND,11,K26,,,218,300,,423,313.7,,
320,Dustin Hopkins,,,K27,239,,,279,,430,316,,
321,Joey Slye,TEN,10,K28,258,,,276,,415,316.3,,
322,Zamir White,LV,8,RB83,227,,,366,,357,316.7,,
323,Noah Fant,CIN,10,TE41,,377,,254,,323,318,,
324,Luke Musgrave,GB,5,TE42,257,,,345,,352,318,,
325,Hunter Renfrow,,,WR102,247,,,343,,366,318.7,,
326,Jason Myers,SEA,8,K29,,,,180,,281,230.5,281  +45,
327,Efton Chism III,NE,14,WR103,240,,,310,,412,320.7,,
328,Jahan Dotson,PHI,9,WR104,234,,,292,,440,322,,
329,Chad Ryland,ARI,8,K30,363,,,269,,341,324.3,,
330,Joshua Karty,LAR,8,K31,,,,213,,265,239,278  +52,
331,Christian Watson,GB,5,WR105,,331,,354,,312,332.3,,
332,Darnell Washington,PIT,5,TE43,268,,,287,,450,335,,
333,Michael Mayer,LV,8,TE44,,379,,293,,338,336.7,,
334,KeAndre Lambert-Smith,LAC,12,WR106,273,,,409,,330,337.3,,
335,Joe Milton III,DAL,10,QB39,299,,,327,,387,337.7,,
336,Olamide Zaccheaus,CHI,5,WR107,300,,,383,,334,339,,
337,Devin Neal,NO,11,RB84,,269,,484,,278,343.7,,
338,Jalen Tolbert,DAL,10,WR108,,,,284,,254,269,,
339,A.J. Dillon,PHI,9,RB85,437,,,303,,300,346.7,,
340,Tim Patrick,DET,8,WR109,289,,,331,,422,347.3,,
341,KaVontae Turpin,DAL,10,WR110,,,,242,,308,275,,
342,Austin Hooper,NE,14,TE45,293,,,330,,429,350.7,,
343,Kayshon Boutte,NE,14,WR111,,371,,387,,301,353,,
344,Devin Singletary,NYG,14,RB86,,,,256,,304,280,,
345,Jimmy Garoppolo,LAR,8,QB40,304,,,375,,383,354,,
346,Damien Martinez,,,RB87,423,,,407,,235,355,,
347,John Metchie III,PHI,9,WR112,295,,,385,,385,355,,
348,Nick Folk,NYJ,9,K32,245,,,322,,,283.5,,
349,Will Dissly,LAC,12,TE46,385,,,294,,388,355.7,,
350,Jermar Jefferson,TEN,10,RB88,221,,,353,,,287,,
351,Jake Bobo,SEA,8,WR113,277,,,338,,464,359.7,,
352,Sean Tucker,TB,9,RB89,,,,311,,269,290,279  +73,
353,Tre Tucker,LV,8,WR114,,,,298,,285,291.5,,
354,Mason Rudolph,PIT,5,QB41,319,,,362,,402,361,,
355,Tez Johnson,TB,9,WR115,283,,,476,,326,361.7,,
356,Jimmy Horn Jr.,CAR,14,WR116,279,,,314,,,296.5,,
357,Matthew Wright,,,K33,354,,,334,,406,364.7,,
358,Jordan Whittington,LAR,8,WR117,,351,,431,,319,367,,
359,Josh Oliver,MIN,6,TE47,311,,,324,,468,367.7,,
360,Odell Beckham Jr.,,,WR118,256,,,348,,,302,,
361,Grant Calcaterra,PHI,9,TE48,281,,,326,,,303.5,,
362,Antonio Gibson,NE,14,RB90,,,,304,,305,304.5,,
363,Ryan Fitzgerald,CAR,14,K34,252,,,358,,,305,,
364,Nick Westbrook-Ikhine,MIA,12,WR119,,,,301,,309,305,,
365,Jalen Nailor,MIN,6,WR120,,,,318,,299,308.5,,
366,Ty Chandler,MIN,6,RB91,292,,,367,,461,373.3,,
367,Craig Reynolds,DET,8,RB92,316,,,394,,410,373.3,,
368,Xavier Restrepo,,,WR121,495,318,,481,,327,405.3,,
369,Devaughn Vele,NO,11,WR122,,,,356,,267,311.5,,
370,Parker Romo,NE,14,K35,287,,,336,,,311.5,,
371,Elijah Higgins,ARI,8,TE49,314,,,370,,439,374.3,,
372,Tanner McKee,PHI,9,QB42,330,,,402,,391,374.3,,
373,Brock Wright,DET,8,TE50,280,,,344,,,312,,
374,Ty Johnson,BUF,7,RB93,,,,308,,317,312.5,,
375,Jalin Hyatt,NYG,14,WR123,307,,,429,,389,375,,
376,Brandin Cooks,NO,11,WR124,,,,316,,310,313,,
377,Allen Lazard,NYJ,9,WR125,,,,332,,298,315,,
378,Luke Schoonmaker,DAL,10,TE51,309,,,369,,457,378.3,,
379,Ben Sinnott,WAS,12,TE52,,328,,475,,332,378.3,,
380,Mack Hollins,NE,14,WR126,335,,,361,,444,380,,
381,Deshaun Watson,CLE,9,QB43,266,,,377,,,321.5,,
382,Malik Willis,GB,5,QB44,337,,,397,,409,381,,
383,Demarcus Robinson,SF,14,WR127,442,,,351,,350,381,,
384,Caden Davis,,,K36,260,,,467,,420,382.3,,
385,J.J. Taylor,,,RB94,254,,,395,,,324.5,,
386,Isaiah Bond,CLE,9,WR128,276,,,553,,375,401.3,,
387,Samaje Perine,CIN,10,RB95,,,,306,,349,327.5,,
388,Will Howard,PIT,5,QB45,349,,,364,,443,385.3,,
389,Harrison Mevis,NYJ,9,K37,229,,,433,,,331,,
390,Gardner Minshew II,KC,10,QB46,331,,,421,,411,387.7,,
391,Jude McAtamney,NYG,14,K38,274,,,434,,456,388,,
392,Deuce Vaughn,,,RB96,313,,,399,,452,388,,
393,David Moore,CAR,14,WR129,343,,,380,,441,388,,
394,Carson Steele,,,RB97,324,,,341,,,332.5,,
395,Skyy Moore,SF,14,WR130,320,,,456,,392,389.3,,
396,Mac Jones,SF,14,QB47,360,,,384,,427,390.3,,
397,Mitchell Tinsley,CIN,10,WR131,264,,,408,,,336,,
398,AJ Barner,SEA,8,TE53,,,,288,,386,337,,
399,Mitchell Trubisky,BUF,7,QB48,347,,,443,,384,391.3,,
400,Oronde Gadsden II,LAC,12,TE54,,329,,540,,345,404.7,,
401,Joshua Dobbs,NE,14,QB49,288,,,390,,,339,,
402,Greg Joseph,,,K39,333,,,392,,453,392.7,,
403,Julian Hill,MIA,12,TE55,297,,,430,,454,393.7,,
404,Kalif Raymond,DET,8,WR132,344,,,376,,467,395.7,,
405,Adam Trautman,DEN,12,TE56,339,,,352,,,345.5,,
406,Jarrett Stidham,DEN,12,QB50,398,,,420,,379,399,,
407,Cooper Rush,BAL,7,QB51,372,,,417,,413,400.7,,
408,Cam Akers,,,RB98,377,,,424,,401,400.7,,
409,Kenneth Gainwell,PIT,5,RB99,,,,282,,425,353.5,,
410,Robert Woods,,,WR133,393,,,374,,445,404,,
411,Parker Washington,JAC,8,WR134,,,,401,,313,357,,
412,Kenny Pickett,LV,8,QB52,,,,368,,347,357.5,,
413,Quinn Ewers,MIA,12,QB53,329,,,389,,,359,,
414,Emanuel Wilson,GB,5,RB100,,,,372,,346,359,,
415,Malik Washington,MIA,12,WR135,,,,410,,315,362.5,,
416,Jha,,'Quan Jackson,,,WR136,381,,,,,354,367.5
417,Gunnar Helm,TEN,10,TE57,302,,,561,,438,433.7,,
418,Jake Browning,CIN,10,QB54,365,,,496,,380,413.7,,
419,Mitchell Evans,CAR,14,TE58,272,,,558,,469,433,,
420,DeWayne McBride,,,RB101,246,,,,,,246,,
421,Kyle Juszczyk,SF,14,RB102,,,,249,,,249,,
422,Scott Matlock,LAC,12,DT1,249,,,,,,249,,
423,Jordan Travis,,,QB55,251,,,,,,251,,
424,Leonard Fournette,,,RB103,374,,,,,378,376,,
425,Austin Seibert,,,K40,387,,,,,367,377,,
426,Matt Barkley,,,QB56,255,,,,,,255,,
427,Spencer Rattler,NO,11,QB57,,,,347,,408,377.5,,
428,Tommy DeVito,,,QB58,290,,,466,,,378,,
429,Carson Wentz,MIN,6,QB59,318,,,440,,,379,,
430,Equanimeous St. Brown,,,WR137,269,,,491,,,380,,
431,Curtis Samuel,BUF,7,WR138,462,,,378,,421,420.3,,
432,Nate Becker,,,TE59,,262,,,,,262,,
433,Marcus Mariota,WAS,12,QB60,,,,414,,348,381,,
434,Jeremy McNichols,WAS,12,RB104,,,,388,,374,381,,
435,John Samuel Shenker,,,TE60,263,,,,,,263,,
436,Khalil Herbert,IND,11,RB105,359,,,510,,405,424.7,,
437,Braxton Berrios,HOU,6,WR139,265,,,592,,,428.5,,
438,C.J. Ham,MIN,6,RB106,325,,,442,,,383.5,,
439,Talolo Limu-Jones,,,WR140,,268,,,,,268,,
440,Frank Gore Jr.,BUF,7,RB107,357,,,412,,,384.5,,
441,Mason Crosby,,,K41,270,,,,,,270,,
442,Sterling Shepard,TB,9,WR141,420,,,350,,,385,,
443,Savion Williams,GB,5,WR142,465,,,796,,307,522.7,,
444,JoJo Ward,,,WR143,,277,,,,,277,,
445,Mo Alie-Cox,IND,11,TE61,411,,,415,,451,425.7,,
446,Alexander Hollins,,,WR144,,279,,,,,279,,
447,Zach Wilson,MIA,12,QB61,346,,,655,,433,478,,
448,LaJohntay Wester,BAL,7,WR145,345,,,435,,,390,,
449,Ezekiel Elliott,,,RB108,282,,,,,,282,,
450,Darrell Stewart Jr.,,,WR146,,283,,,,,283,,
451,Noah Brown,WAS,12,WR147,,,,379,,404,391.5,,
452,Hendon Hooker,,,QB62,323,,,461,,,392,,
453,Reggie Bonnafon,,,RB109,,285,,,,,285,,
454,Tyson Bagent,CHI,5,QB63,285,,,707,,,496,,
455,Phillip Brooks,,,WR148,,287,,,,,287,,
456,Master Teague,,,RB110,,288,,,,,288,,
457,Drew Lock,SEA,8,QB64,407,,,381,,,394,,
458,Zane Gonzalez,,,K42,353,,,575,,436,454.7,,
459,John Ross,,,WR149,291,,,,,,291,,
460,Kadarius Toney,,,WR150,341,,,452,,,396.5,,
461,Jermaine Burton,CIN,10,WR151,488,380,,470,,455,448.3,,
462,Dalvin Cook,,,RB111,294,,,,,,294,,
463,Zach Gentry,,,TE62,,296,,,,,296,,
464,Jacob Kibodi,,,RB112,296,,,,,,296,,
465,Sam Howell,PHI,9,QB65,397,,,678,,399,491.3,,
466,Connor Heyward,PIT,5,TE63,399,,,398,,,398.5,,
467,Jermaine Jackson,,,WR152,298,,,,,,298,,
468,Brandon Allen,TEN,10,QB66,358,,,441,,,399.5,,
469,John Bates,WAS,12,TE64,301,,,658,,,479.5,,
470,Tylan Wallace,BAL,7,WR153,406,,,396,,,401,,
471,Max Duggan,,,QB67,305,,,,,,305,,
472,Nathan Rourke,,,QB68,306,,,,,,306,,
473,Anders Carlson,,,K43,487,,,400,,419,435.3,,
474,Andre Patton,,,WR154,,308,,,,,308,,
475,Darrell Henderson Jr.,,,RB113,308,,,,,,308,,
476,Mecole Hardman Jr.,,,WR155,389,,,419,,,404,,
477,Patrick Ricard,BAL,7,RB114,392,,,416,,,404,,
478,Josh Vann,,,WR156,,310,,,,,310,,
479,Stetson Bennett IV,LAR,8,QB69,310,,,696,,,503,,
480,Jason Croom,,,TE65,,311,,,,,311,,
481,Lil,,'Jordan Humphrey,,,WR157,364,,,447,,,405.5
482,Tai Felton,MIN,6,WR158,,,,501,,311,406,,
483,Dallin Holker,,,TE66,312,,,854,,,583,,
484,D.J. Montgomery,IND,11,WR159,315,,,498,,,406.5,,
485,Kyle Allen,DET,8,QB70,368,,,445,,,406.5,,
486,Daniel Bellinger,NYG,14,TE67,356,,,458,,,407,,
487,Gabe Davis,,,WR160,,,,,,316,316,,
488,Eddy Pineiro,,,K44,326,,,490,,,408,,
489,Scotty Washington,BAL,7,WR161,,317,,619,,,468,,
490,Ahmad Wagner,,,WR162,,319,,,,,319,,
491,Chad Williams,,,WR163,,321,,,,,321,,
492,Julius Chestnut,TEN,10,RB115,322,,,523,,,422.5,,
493,Ricky White III,SEA,8,WR164,,,,566,,322,444,,
494,Greg Zuerlein,,,K45,410,,,413,,,411.5,,
495,Clint Ratkovich,,,RB116,,324,,,,,324,,
496,Andy Dalton,CAR,14,QB71,426,,,437,,462,441.7,,
497,Kenny Stills,,,WR165,,326,,,,,326,,
498,Lenny Krieg,,,K46,,,,328,,,328,,
499,Brett Maher,,,K47,332,,,,,,332,,
500,Julio Jones,,,WR166,334,,,,,,334,,
501,Matt Prater,,,K48,336,,,563,,,449.5,,
502,Trey Quinn,,,WR167,,337,,,,,337,,
503,Lucky Jackson,MIN,6,WR168,338,,,541,,,439.5,,
504,Kenjon Barner,,,RB117,,339,,,,,339,,
505,Anthony Turner,,,WR169,,340,,,,,340,,
506,Cade Stover,HOU,6,TE68,340,,,545,,,442.5,,
507,Theo Riddick,,,RB118,,342,,,,,342,,
508,Ben DiNucci,,,QB72,342,,,,,,342,,
509,Maurice Alexander,,,WR170,,343,,,,,343,,
510,Josh Reynolds,NYJ,9,WR171,,,,576,,343,459.5,,
511,Ian Book,,,QB73,481,,,,,364,422.5,,
512,Tyquan Thornton,KC,10,WR172,388,,,457,,,422.5,,
513,DJ Turner,,,WR173,,346,,,,,346,,
514,Anthony Brown Jr.,,,QB74,348,,,,,,348,,
515,Jared Wayne,,,WR174,350,,,,,,350,,
516,Darius Cooper,PHI,9,WR175,,,,477,,373,425,,
517,Justin Watson,HOU,6,WR176,433,,,418,,,425.5,,
518,Isaac,Rex,,TE69,,352,,,,,352,,
519,D.J. Williams,,,RB119,352,,,859,,,605.5,,
520,Kwamie Lassiter,II,,WR177,,353,,,,,353,,
521,Randy Bullock,,,K49,355,,,,,,355,,
522,George Campbell,,,WR178,,,,,,355,355,,
523,Kazmeir Allen,,,WR179,,,,733,,356,544.5,,
524,Stephon Robinson Jr.,,,WR180,,357,,,,,357,,
525,Salvon Ahmed,IND,11,RB120,,358,,,,,358,,
526,Tyrell Shavers,BUF,7,WR181,,,,729,,358,543.5,,
527,Noah Cain,,,RB121,,359,,,,,359,,
528,Jalen White,,,RB122,,,,560,,359,459.5,,
529,Nsimba Webster,,,WR182,,360,,,,,360,,
530,Van Jefferson,TEN,10,WR183,,,,425,,435,430,,
531,Cole Beasley,,,WR184,,,,,,361,361,,
532,Michael Badgley,,,K50,361,,,,,,361,,
533,Cam Newton,,,QB75,,,,,,362,362,,
534,Boston Scott,,,RB123,362,,,,,,362,,
535,Cade York,,,K51,434,,,428,,,431,,
536,Robert Foster,,,WR185,,363,,,,,363,,
537,Konata Mumpfield,LAR,8,WR186,,,,593,,363,478,,
538,Jequez Ezzard,,,WR187,,364,,,,,364,,
539,Wendell Smallwood,,,RB124,,,,,,365,365,,
540,Nikko Remigio,KC,10,WR188,366,,,537,,,451.5,,
541,Kameron Brown,,,WR189,,368,,,,,368,,
542,Jason Brownlee,KC,10,WR190,,,,,,369,369,,
543,Rasheen Ali,BAL,7,RB125,400,,,469,,,434.5,,
544,Devontez Walker,BAL,7,WR191,369,,,738,,,553.5,,
545,Giovani Bernard,,,RB126,,,,,,370,370,,
546,Jaren Hall,,,QB76,370,,,,,,370,,
547,Avery Williams,PHI,9,RB127,371,,,643,,,507,,
548,Phil Mafah,DAL,10,RB128,,,,790,,371,580.5,,
549,Alex Ellis,,,TE70,,373,,,,,373,,
550,Louis Rees-Zammit,,,RB129,373,,,,,,373,,
551,Jaylin Lane,WAS,12,WR192,447,,,546,,426,473,,
552,Jalen Guyton,,,WR193,,375,,,,,375,,
553,SaRodorick Thompson Jr.,,,RB130,375,,,,,,375,,
554,Johnnie Dixon,,,WR194,,376,,,,,376,,
555,Luke Farrell,SF,14,TE71,376,,,647,,,511.5,,
556,Kalel Mullings,TEN,10,RB131,,,,898,,376,637,,
557,Robert Griffin,III,,QB77,,,,,,377,377,,
558,Phillip Dorsett,II,,WR195,378,,,,,,378,,
559,Travis Wilson,,,WR196,,378,,,,,378,,
560,Trey Lance,LAC,12,QB78,451,,,427,,,439,,
561,Derius Davis,LAC,12,WR197,379,,,531,,,455,,
562,Trent Taylor,SF,14,WR198,380,,,,,,380,,
563,Greg Dortch,ARI,8,WR199,,,,446,,434,440,,
564,Thomas Fidone II,NYG,14,TE72,,,,706,,381,543.5,,
565,Henry Pearson,,,RB132,382,,,,,,382,,
566,Nick Mullens,JAC,8,QB79,,,,581,,382,481.5,,
567,Tommy Mellott,LV,8,WR200,384,,,721,,,552.5,,
568,Riley Leonard,IND,11,QB80,386,,,802,,,594,,
569,Colby Parkinson,LAR,8,TE73,,,,426,,463,444.5,,
570,Ryan Tannehill,,,QB81,391,,,,,,391,,
571,Drew Sample,CIN,10,TE74,,,,393,,,393,,
572,Dominic Lovett,DET,8,WR201,,,,793,,393,593,,
573,Tyreik McAllister,,,RB133,394,,,,,,394,,
574,Dillon Gabriel,CLE,9,QB82,,,,480,,414,447,,
575,Cedrick Wilson Jr.,NO,11,WR202,,,,591,,394,492.5,,
576,Teddy Bridgewater,TB,9,QB83,395,,,565,,,480,,
577,Jamari Thrash,CLE,9,WR203,,,,741,,395,568,,
578,Brayden Narveson,,,K52,396,,,,,,396,,
579,Tyree Jackson,WAS,12,TE75,,,,813,,396,604.5,,
580,Trey Sermon,PIT,5,RB134,496,,,515,,403,471.3,,
581,Michael Carter,ARI,8,RB135,,,,654,,400,527,,
582,Charlie Jones,CIN,10,WR204,401,,,691,,,546,,
583,Zach Pascal,,,WR205,402,,,580,,,491,,
584,Davis Allen,LAR,8,TE76,403,,,530,,,466.5,,
585,E.J. Jenkins,,,TE77,,,,404,,,404,,
586,Scotty Miller,PIT,5,WR206,405,,,499,,,452,,
587,Hunter Luepke,DAL,10,RB136,,,,405,,,405,,
588,Chris Brooks,GB,5,RB137,,,,406,,,406,,
589,Michael Burton,DEN,12,RB138,467,,,439,,,453,,
590,Robbie Chosen,,,WR207,408,,,573,,,490.5,,
591,Josh Whyle,,,TE78,,,,462,,448,455,,
592,Ainias Smith,,,WR208,,,,411,,,411,,
593,Trey Palmer,,,WR209,,,,465,,446,455.5,,
594,Jonathan Mingo,DAL,10,WR210,483,,,527,,428,479.3,,
595,Keith Kirkwood,BAL,7,WR211,412,,,597,,,504.5,,
596,Gavin Bartholomew,MIN,6,TE79,413,,,620,,,516.5,,
597,Donovan Peoples-Jones,,,WR212,414,,,,,,414,,
598,Kendrick Bourne,NE,14,WR213,,,,444,,470,457,,
599,Tanner Brown,,,K53,415,,,,,,415,,
600,Kimani Vidal,LAC,12,RB139,,,,473,,442,457.5,,
601,Emari Demercado,ARI,8,RB140,,,,538,,416,477,,
602,Jared Wiley,KC,10,TE80,416,,,547,,,481.5,,
603,Matt Ammendola,,,K54,417,,,,,,417,,
604,Zay Jones,ARI,8,WR214,,,,574,,418,496,,
605,KJ Hamler,,,WR215,419,,,622,,,520.5,,
606,River Cracraft,,,WR216,421,,,,,,421,,
607,Tommy Tremble,CAR,14,TE81,489,,,509,,432,476.7,,
608,Clyde Edwards-Helaire,,,RB141,,,,423,,,423,,
609,Jeremy Ruckert,NYJ,9,TE82,424,,,521,,,472.5,,
610,Gus Edwards,,,RB142,425,,,599,,,512,,
611,Trayveon Williams,CLE,9,RB143,427,,,602,,,514.5,,
612,Kirk Merritt,,,WR217,428,,,,,,428,,
613,Alex Armah Jr.,,,RB144,429,,,,,,429,,
614,Matt Corral,,,QB84,430,,,,,,430,,
615,Isaiah Davis,NYJ,9,RB145,,,,550,,431,490.5,,
616,Cordarrelle Patterson,,,RB146,431,,,564,,,497.5,,
617,Arian Smith,NYJ,9,WR218,472,,,711,,459,547.3,,
618,George Holani,SEA,8,RB147,,,,432,,,432,,
619,Brittain Brown,,,RB148,432,,,669,,,550.5,,
620,Jordan Watkins,SF,14,WR219,497,,,734,,437,556,,
621,Devin Duvernay,CHI,5,WR220,435,,,613,,,524,,
622,Gunner Olszewski,NYG,14,WR221,436,,,,,,436,,
623,LeQuint Allen Jr.,JAC,8,RB149,438,,,722,,,580,,
624,Armani Rogers,,,TE83,440,,,,,,440,,
625,Laquon Treadwell,IND,11,WR222,441,,,570,,,505.5,,
626,Foster Moreau,NO,11,TE84,,,,495,,447,471,,
627,Ramel Keyton,,,WR223,443,,,,,,443,,
628,Tanner Hudson,CIN,10,TE85,444,,,596,,,520,,
629,James Robinson,,,RB150,446,,,,,,446,,
630,Raheem Blackshear,,,RB151,448,,,689,,,568.5,,
631,Jonathan Ward,,,RB152,,,,449,,,449,,
632,Brenden Rice,,,WR224,449,,,,,,449,,
633,Chimere Dike,TEN,10,WR225,,,,799,,449,624,,
634,Ben Sauls,,,K55,,,,450,,,450,,
635,Charlie Kolar,BAL,7,TE86,450,,,518,,,484,,
636,Kylen Granson,PHI,9,TE87,,,,451,,,451,,
637,Deon Jackson,DET,8,RB153,452,,,640,,,546,,
638,Nathan Peterman,,,QB85,453,,,,,,453,,
639,Tyler Badie,DEN,12,RB154,,,,453,,,453,,
640,Jeff Wilson Jr.,,,RB155,460,,,493,,,476.5,,
641,Case Keenum,CHI,5,QB86,454,,,,,,454,,
642,Tyler Goodson,IND,11,RB156,,,,454,,,454,,
643,Hassan Haskins,LAC,12,RB157,,,,455,,,455,,
644,Terrace Marshall Jr.,,,WR226,455,,,508,,,481.5,,
645,Jimmy Graham,,,TE88,456,,,,,,456,,
646,Travis Homer,CHI,5,RB158,459,,,497,,,478,,
647,Kyle Trask,,,QB87,457,,,657,,,557,,
648,Jalin Conyers,MIA,12,TE89,,,,,,458,458,,
649,Robbie Ouzts,SEA,8,TE90,458,,,543,,,500.5,,
650,Sincere McCormick,LV,8,RB159,,,,459,,,459,,
651,Robert Tonyan,KC,10,TE91,470,,,489,,,479.5,,
652,Josh Johnson,WAS,12,QB88,477,,,482,,,479.5,,
653,Dorian Thompson-Robinson,,,QB89,,,,460,,,460,,
654,David Bell,CLE,9,WR227,,,,832,,460,646,,
655,Jalen Reagor,LAC,12,WR228,461,,,629,,,545,,
656,Xavier Hutchinson,HOU,6,WR229,,,,463,,,463,,
657,Rashaad Penny,,,RB160,464,,,,,,464,,
658,Aidan O'Connell,LV,8,QB90,,,,464,,,464,,
659,Nick Nash,ATL,5,WR230,,,,870,,465,667.5,,
660,Tyler Johnson,NYJ,9,WR231,,,,504,,466,485,,
661,Tre,,' McKitty,,,TE92,466,,,822,,,644
662,Nate Adkins,DEN,12,TE93,,,,468,,,468,,
663,Desmond Ridder,,,QB91,468,,,662,,,565,,
664,Lucas Havrisik,,,K56,471,,,,,,471,,
665,Sione Vaki,DET,8,RB161,,,,471,,,471,,
666,Charlie Smyth,,,K57,,,,472,,,472,,
667,Jake Fromm,,,QB92,473,,,,,,473,,
668,Jacob Cowing,SF,14,WR232,,,,474,,,474,,
669,Michael Gallup,,,WR233,474,,,585,,,529.5,,
670,Carson Strong,,,QB93,475,,,,,,475,,
671,Tyler Scott,,,WR234,476,,,,,,476,,
672,Terrell Jennings,NE,14,RB162,,,,478,,,478,,
673,Ian Thomas,LV,8,TE94,486,,,492,,,489,,
674,Bailey Zappe,,,QB94,478,,,672,,,575,,
675,Ihmir Smith-Marsette,NYG,14,WR235,479,,,819,,,649,,
676,Rodney Williams,,,TE95,482,,,,,,482,,
677,Tyrod Taylor,NYJ,9,QB95,,,,483,,,483,,
678,Darrell Daniels,,,TE96,484,,,,,,484,,
679,DeAndre Carter,,,WR236,,,,485,,,485,,
680,Donovan Edwards,NYJ,9,RB163,485,,,535,,,510,,
681,Jacoby Brissett,ARI,8,QB96,,,,486,,,486,,
682,Eric Saubert,SEA,8,TE97,,,,487,,,487,,
683,Jamaal Williams,,,RB164,,,,488,,,488,,
684,Ashton Dulin,IND,11,WR237,490,,,816,,,653,,
685,Xazavian Valladay,MIN,6,RB165,491,,,,,,491,,
686,James McCourt,,,K58,492,,,,,,492,,
687,Jason Cabinda,,,LB1,493,,,,,,493,,
688,Alec Ingold,MIA,12,RB166,,,,494,,,494,,
689,Pharaoh Brown,,,TE98,494,,,582,,,538,,
690,Ellis Merriweather,,,RB167,498,,,,,,498,,
691,Christopher Dunn,,,K59,499,,,,,,499,,
692,Elijah Young,,,RB168,,,,500,,,500,,
693,Harrison Bryant,HOU,6,TE99,,,,502,,,502,,
694,DeeJay Dallas,ARI,8,RB169,,,,503,,,503,,
695,Ryan,Coe,,K60,,,,505,,,505,,
696,Mitch Van Vooren,,,WR238,,,,506,,,506,,
697,Tim Jones,MIN,6,WR239,,,,507,,,507,,
698,Jacardia Wright,SEA,8,RB170,,,,511,,,511,,
699,Davis Mills,HOU,6,QB97,,,,513,,,513,,
700,Ben Skowronek,PIT,5,WR240,,,,514,,,514,,
701,Riley Patterson,,,K61,,,,516,,,516,,
702,John FitzPatrick,GB,5,TE100,,,,517,,,517,,
703,Pierre Strong Jr.,,,RB171,,,,520,,,520,,
704,Tyrion Davis-Price,GB,5,RB172,,,,522,,,522,,
705,Lucas Krull,DEN,12,TE101,,,,524,,,524,,
706,Tre Watson,,,TE102,,,,526,,,526,,
707,Jalen Brooks,,,WR241,,,,528,,,528,,
708,Ronnie Bell,DET,8,WR242,,,,532,,,532,,
709,Payne Durham,TB,9,TE103,,,,534,,,534,,
710,Brady Russell,SEA,8,TE104,,,,536,,,536,,
711,Blake Whiteheart,CLE,9,TE105,,,,539,,,539,,
712,Ryan Flournoy,DAL,10,WR243,,,,542,,,542,,
713,Javon Baker,NE,14,WR244,,,,548,,,548,,
714,Jaheim Bell,,,TE106,,,,549,,,549,,
715,Caden Prieskorn,DEN,12,TE107,,,,552,,,552,,
716,Mark McNamee,GB,5,K62,,,,554,,,554,,
717,Kendall Milton,CIN,10,RB173,,,,555,,,555,,
718,Terique Owens,,,WR245,,,,556,,,556,,
719,Jonathan,Kim,,K63,,,,559,,,559,,
720,Maddux Trujillo,IND,11,K64,,,,562,,,562,,
721,Trevor Siemian,TEN,10,QB98,,,,567,,,567,,
722,Taylor Heinicke,LAC,12,QB99,,,,568,,,568,,
723,Chris Moore,,,WR246,,,,569,,,569,,
724,Nate Sudfeld,,,QB100,,,,571,,,571,,
725,Tyler Boyd,,,WR247,,,,572,,,572,,
726,Elijhah Badger,KC,10,WR248,,,,577,,,577,,
727,Jamal Agnew,ATL,5,WR249,,,,578,,,578,,
728,Johnny Mundt,JAC,8,TE108,,,,579,,,579,,
729,Dare Ogunbowale,HOU,6,RB174,,,,583,,,583,,
730,Royce Freeman,,,RB175,,,,584,,,584,,
731,Jaden Smith,,,WR250,,,,586,,,586,,
732,John Kelly Jr.,,,RB176,,,,587,,,587,,
733,Anthony Miller,BAL,7,WR251,,,,588,,,588,,
734,Dante Pettis,,,WR252,,,,589,,,589,,
735,Durham Smythe,CHI,5,TE109,,,,590,,,590,,
736,Ross Dwelley,,,TE110,,,,594,,,594,,
737,Tim Boyle,,,QB101,,,,595,,,595,,
738,Trent Sherfield Sr.,DEN,12,WR253,,,,598,,,598,,
739,KhaDarel Hodge,ATL,5,WR254,,,,600,,,600,,
740,Miles Boykin,,,WR255,,,,603,,,603,,
741,Brett Rypien,,,QB102,,,,604,,,604,,
742,Irv Smith Jr.,HOU,6,TE111,,,,605,,,605,,
743,Jakob Johnson,,,RB177,,,,606,,,606,,
744,Trenton Irwin,,,WR256,,,,607,,,607,,
745,Juwann Winfree,HOU,6,WR257,,,,608,,,608,,
746,Malik Taylor,DET,8,WR258,,,,609,,,609,,
747,Steven Sims Jr.,SEA,8,WR259,,,,610,,,610,,
748,Alex Bachman,LV,8,WR260,,,,611,,,611,,
749,Tom Kennedy,,,WR261,,,,612,,,612,,
750,Tyler Huntley,,,QB103,,,,614,,,614,,
751,Silas Bolden,,,WR262,,,,615,,,615,,
752,Max Brosmer,MIN,6,QB104,,,,616,,,616,,
753,Isaiah Hodgins,SF,14,WR263,,,,617,,,617,,
754,Giovanni Ricci,MIN,6,TE112,,,,618,,,618,,
755,Ben Wooldridge,,,QB105,,,,621,,,621,,
756,Ja,,'Quinden Jackson,,,RB178,,,,623,,,623
757,Laviska Shenault Jr.,,,WR264,,,,624,,,624,,
758,Cody White,SEA,8,WR265,,,,625,,,625,,
759,Trishton Jackson,ARI,8,WR266,,,,626,,,626,,
760,Bryce Perkins,,,QB106,,,,627,,,627,,
761,K.J. Osborn,,,WR267,,,,628,,,628,,
762,Corey Kiner,SF,14,RB179,,,,630,,,630,,
763,Chase Claypool,,,WR268,,,,631,,,631,,
764,JaMycal Hasty,NE,14,RB180,,,,632,,,632,,
765,Charlie Woerner,ATL,5,TE113,,,,633,,,633,,
766,DJ Uiagalelei,,,QB107,,,,634,,,634,,
767,Nick Kallerup,SEA,8,TE114,,,,635,,,635,,
768,Reggie Gilliam,BUF,7,RB181,,,,636,,,636,,
769,Raheim Sanders,,,RB182,,,,637,,,637,,
770,Lawrence Cager,,,WR269,,,,638,,,638,,
771,Tarik Black,,,WR270,,,,639,,,639,,
772,Kenny Yeboah,DET,8,TE115,,,,642,,,642,,
773,Simi Fehoko,ARI,8,WR271,,,,644,,,644,,
774,Dez Fitzpatrick,,,WR272,,,,645,,,645,,
775,Sam Ehlinger,DEN,12,QB108,,,,646,,,646,,
776,Cornell Powell,HOU,6,WR273,,,,648,,,648,,
777,Jake Briningstool,KC,10,TE116,,,,649,,,649,,
778,Hunter Long,JAC,8,TE117,,,,650,,,650,,
779,Zach Davidson,BUF,7,TE118,,,,651,,,651,,
780,Kene Nwangwu,NYJ,9,RB183,,,,652,,,652,,
781,Gary Brightwell,CIN,10,RB184,,,,653,,,653,,
782,Dee Eskridge,MIA,12,WR274,,,,656,,,656,,
783,Andrew Beck,NYJ,9,TE119,500,,,815,,,657.5,,
784,Jack Stoll,NO,11,TE120,,,,659,,,659,,
785,Jaret Patterson,LAC,12,RB185,,,,660,,,660,,
786,Shane Zylstra,DET,8,TE121,,,,661,,,661,,
787,Velus Jones Jr.,NO,11,WR275,,,,663,,,663,,
788,Jake Tonges,SF,14,TE122,,,,664,,,664,,
789,Michael Woods,II,,WR276,,,,665,,,665,,
790,Greg Dulcich,,,TE123,,,,666,,,666,,
791,Drew Ogletree,IND,11,TE124,,,,667,,,667,,
792,Jelani Woods,,,TE125,,,,668,,,668,,
793,Skylar Thompson,PIT,5,QB109,,,,670,,,670,,
794,Nick Muse,,,TE126,,,,671,,,671,,
795,Irvin Charles,NYJ,9,WR277,,,,673,,,673,,
796,Zonovan Knight,ARI,8,RB186,,,,674,,,674,,
797,Britain Covey,,,WR278,,,,675,,,675,,
798,Bo Melton,GB,5,WR279,,,,676,,,676,,
799,Dareke Young,SEA,8,WR280,,,,677,,,677,,
800,Justyn Ross,,,WR281,,,,679,,,679,,
801,Kendric Pryor,CIN,10,WR282,,,,680,,,680,,
802,Kaden Davis,CLE,9,WR283,,,,681,,,681,,
803,Brandon Johnson,PIT,5,WR284,,,,682,,,682,,
804,Kevin Austin Jr.,,,WR285,,,,683,,,683,,
805,Braylon Sanders,,,WR286,,,,684,,,684,,
806,Jashaun Corbin,ATL,5,RB187,,,,685,,,685,,
807,Ronnie Rivers,,,RB188,,,,686,,,686,,
808,Stone Smartt,NYJ,9,TE127,,,,687,,,687,,
809,Tucker Fisk,LAC,12,TE128,,,,688,,,688,,
810,Justin Shorter,LV,8,WR287,,,,690,,,690,,
811,Ketron Jackson Jr.,,,WR288,,,,692,,,692,,
812,Patrick Herbert,JAC,8,TE129,,,,693,,,693,,
813,Evan Hull,,,RB189,,,,694,,,694,,
814,Brock Lampe,NE,14,RB190,,,,695,,,695,,
815,Zach Evans,,,RB191,,,,697,,,697,,
816,Xavier Smith,LAR,8,WR289,,,,698,,,698,,
817,Jake Haener,,,QB110,,,,699,,,699,,
818,Cam Miller,LV,8,QB111,,,,700,,,700,,
819,Eric Gray,NYG,14,RB192,,,,701,,,701,,
820,Marcus Yarns,,,RB193,,,,702,,,702,,
821,Israel Abanikanda,GB,5,RB194,,,,703,,,703,,
822,Beaux Collins,NYG,14,WR290,,,,704,,,704,,
823,Brayden Willis,SF,14,TE130,,,,705,,,705,,
824,Andre Szmyt,CLE,9,K65,,,,708,,,708,,
825,Malik Heath,GB,5,WR291,,,,709,,,709,,
826,Zavier Scott,MIN,6,WR292,,,,710,,,710,,
827,Xavier Gipson,NYJ,9,WR293,,,,712,,,712,,
828,Ben VanSumeren,PHI,9,LB2,,,,713,,,713,,
829,Brady Cook,NYJ,9,QB112,,,,714,,,714,,
830,Jordan Mims,TEN,10,RB195,,,,715,,,715,,
831,Shedrick Jackson,LV,8,WR294,,,,716,,,716,,
832,Jalen Cropper,DAL,10,WR295,,,,717,,,717,,
833,Princeton Fant,,,TE131,,,,718,,,718,,
834,Chase Cota,CLE,9,WR296,,,,719,,,719,,
835,Max Hurleman,,,CB1,,,,723,,,723,,
836,JJ Galbreath,PIT,5,TE132,,,,724,,,724,,
837,Thayer Thomas,MIN,6,WR297,,,,725,,,725,,
838,Malik Knowles,,,WR298,,,,726,,,726,,
839,Roc Taylor,,,WR299,,,,727,,,727,,
840,Johnny Lumpkin,,,TE133,,,,728,,,728,,
841,Kyle McCord,,,QB113,,,,730,,,730,,
842,Rakim Jarrett,,,WR300,,,,731,,,731,,
843,Ryan Miller,TB,9,WR301,,,,732,,,732,,
844,Jase McClellan,,,RB196,,,,735,,,735,,
845,Casey Washington,ATL,5,WR302,,,,736,,,736,,
846,Devin Leary,,,QB114,,,,737,,,737,,
847,Jonathon Brooks,CAR,14,RB197,,,,739,,,739,,
848,Erick All Jr.,CIN,10,TE134,,,,740,,,740,,
849,Giles Jackson,,,WR303,,,,742,,,742,,
850,Anthony Gould,IND,11,WR304,,,,743,,,743,,
851,Keilan Robinson,PHI,9,RB198,,,,744,,,744,,
852,Dylan Laube,LV,8,RB199,,,,745,,,745,,
853,Tahj Washington,MIA,12,WR305,,,,746,,,746,,
854,Bub Means,NO,11,WR306,,,,748,,,748,,
855,Dante Miller,,,RB200,,,,749,,,749,,
856,Malachi Corley,,,WR307,,,,750,,,750,,
857,Tip Reiman,ARI,8,TE135,,,,751,,,751,,
858,Ja,,'Corey Brooks,,,WR308,,,,752,,,752
859,Devin Culp,TB,9,TE136,,,,753,,,753,,
860,Winston Wright,,,WR309,,,,754,,,754,,
861,Phil Lutz,,,WR310,,,,755,,,755,,
862,Emory Jones,ATL,5,QB115,,,,757,,,757,,
863,Emani Bailey,,,RB201,,,,758,,,758,,
864,Baylor Cupp,,,TE137,,,,759,,,759,,
865,Austin Reed,,,QB116,,,,760,,,760,,
866,Ian Wheeler,,,RB202,,,,761,,,761,,
867,Cam Grandy,CIN,10,TE138,,,,762,,,762,,
868,Brevyn Spann-Ford,DAL,10,TE139,,,,763,,,763,,
869,Blake Watson,DEN,12,RB203,,,,764,,,764,,
870,Thomas Yassmin,LAC,12,TE140,,,,765,,,765,,
871,Isaiah Williams,CIN,10,WR311,,,,766,,,766,,
872,Kedon Slovis,,,QB117,,,,767,,,767,,
873,Carter Bradley,,,QB118,,,,768,,,768,,
874,Mason Tipton,NO,11,WR312,,,,769,,,769,,
875,Xavier Weaver,ARI,8,WR313,,,,770,,,770,,
876,David Martin-Robinson,TEN,10,TE141,,,,771,,,771,,
877,Bryce Oliver,TEN,10,WR314,,,,772,,,772,,
878,Jabari Small,,,RB204,,,,773,,,773,,
879,Tanner Mordecai,,,QB119,,,,774,,,774,,
880,Cody Schrader,,,RB205,,,,775,,,775,,
881,Kameron Johnson,TB,9,WR315,,,,776,,,776,,
882,Sam Hartman,,,QB120,,,,777,,,777,,
883,Colson Yankoff,WAS,12,TE142,,,,778,,,778,,
884,Shawn Bowman,,,TE143,,,,779,,,779,,
885,Jahmal Banks,BAL,7,WR316,,,,780,,,780,,
886,Marcus Major Jr.,,,RB206,,,,781,,,781,,
887,Keleki Latu,BUF,7,TE144,,,,782,,,782,,
888,Deion Hankins,CHI,5,RB207,,,,783,,,783,,
889,Jahdae Walker,CHI,5,WR317,,,,784,,,784,,
890,Quali Conley,,,RB208,,,,785,,,785,,
891,Luke Floriea,,,WR318,,,,786,,,786,,
892,Ahmani Marshall,CLE,9,RB209,,,,787,,,787,,
893,Rivaldo Fairweather,,,TE145,,,,788,,,788,,
894,Traeshon Holden,DAL,10,WR319,,,,789,,,789,,
895,Courtney Jackson,DEN,12,WR320,,,,791,,,791,,
896,Caleb Lohner,DEN,12,TE146,,,,792,,,792,,
897,Amar Johnson,GB,5,RB210,,,,795,,,795,,
898,Micah Bernard,,,RB211,,,,797,,,797,,
899,Drake Dabney,TEN,10,TE147,,,,798,,,798,,
900,Graham Mertz,HOU,6,QB121,,,,800,,,800,,
901,Ajou Ajou,IND,11,WR321,,,,801,,,801,,
902,Nick Vannett,MIN,6,TE148,,,,803,,,803,,
903,Gerald Everett,,,TE149,,,,804,,,804,,
904,DJ Chark Jr.,,,WR322,,,,805,,,805,,
905,Russell Gage Jr.,SF,14,WR323,,,,806,,,806,,
906,Mike Boone,,,RB212,,,,807,,,807,,
907,Malik Turner,SF,14,WR324,,,,808,,,808,,
908,John Wolford,,,QB122,,,,809,,,809,,
909,Myles Gaskin,BAL,7,RB213,,,,810,,,810,,
910,Will Grier,DAL,10,QB123,,,,812,,,812,,
911,Kelvin Harmon,,,WR325,,,,814,,,814,,
912,Andy Isabella,,,WR326,,,,817,,,817,,
913,David Sills,ATL,5,WR327,,,,818,,,818,,
914,Kawaan Baker,,,WR328,,,,820,,,820,,
915,Quintin Morris,,,TE150,,,,823,,,823,,
916,Feleipe Franks,ATL,5,QB124,,,,824,,,824,,
917,Austin Trammell,JAC,8,WR329,,,,825,,,825,,
918,Brandon Smith,,,WR330,,,,826,,,826,,
919,Adam Prentice,DEN,12,RB214,,,,827,,,827,,
920,Shane Buechele,,,QB125,,,,828,,,828,,
921,Michael Bandy,DEN,12,WR331,,,,829,,,829,,
922,Sal Cannella,,,TE151,,,,830,,,830,,
923,Michael Jacobson,,,TE152,,,,831,,,831,,
924,Montrell Washington,,,WR332,,,,833,,,833,,
925,James Mitchell,CAR,14,TE153,,,,834,,,834,,
926,Samori Toure,,,WR333,,,,835,,,835,,
927,Teagan Quitoriano,ATL,5,TE154,,,,836,,,836,,
928,Lance McCutcheon,,,WR334,,,,837,,,837,,
929,Erik Ezukanma,,,WR335,,,,838,,,838,,
930,Kevin Harris,JAC,8,RB215,,,,839,,,839,,
931,Chris Oladokun,,,QB126,,,,840,,,840,,
932,Ko Kieft,TB,9,TE155,,,,841,,,841,,
933,Zaire Mitchell-Paden,BAL,7,TE156,,,,842,,,842,,
934,Malik Davis,DAL,10,RB216,,,,843,,,843,,
935,Dennis Houston,TB,9,WR336,,,,844,,,844,,
936,Aaron Shampklin,,,RB217,,,,845,,,845,,
937,Jalen Virgil,,,WR337,,,,846,,,846,,
938,Brenden Bates,CLE,9,TE157,,,,847,,,847,,
939,Cole Burgess,,,WR338,,,,848,,,848,,
940,Treyton Welch,,,TE158,,,,849,,,849,,
941,Jason Bean,IND,11,QB127,,,,850,,,850,,
942,Joshua Cephus,JAC,8,WR339,,,,851,,,851,,
943,Jeshaun Jones,MIN,6,WR340,,,,853,,,853,,
944,Steven Stilianos,DET,8,TE159,,,,855,,,855,,
945,John Jiles,NE,14,WR341,,,,856,,,856,,
946,John Rhys Plumlee,SEA,8,QB128,,,,857,,,857,,
947,Mason Pline,NO,11,TE160,,,,858,,,858,,
948,Michael Wiley,KC,10,RB218,,,,860,,,860,,
949,British Brooks,HOU,6,RB219,,,,861,,,861,,
950,Neal Johnson,,,TE161,,,,862,,,862,,
951,Drake Stoops,,,WR342,,,,863,,,863,,
952,Hayden Rucci,MIA,12,TE162,,,,864,,,864,,
953,Jaelen Gill,,,WR343,,,,865,,,865,,
954,Kevin Foelsch,,,TE163,,,,866,,,866,,
955,Geor'Quarius Spivey,KC,10,TE164,,,,867,,,867,,
956,Alex Hale,,,K66,,,,868,,,868,,
957,Joshua Simon,ATL,5,TE165,,,,871,,,871,,
958,Xavier Guillory,BAL,7,WR344,,,,872,,,872,,
959,Lucas Scott,BAL,7,RB220,,,,874,,,874,,
960,Kelly Akharaiyi,,,WR345,,,,875,,,875,,
961,Jackson Hawes,BUF,7,TE166,,,,876,,,876,,
962,Hal Presley,KC,10,WR346,,,,877,,,877,,
963,Kayron Lynch-Adams,,,RB221,,,,878,,,878,,
964,Bryce Pierre,,,TE167,,,,879,,,879,,
965,Jamoi Mayes,,,WR347,,,,880,,,880,,
966,Jordan Moore,CIN,10,WR348,,,,881,,,881,,
967,Rashod Owens,,,WR349,,,,882,,,882,,
968,Payton Thorne,,,QB129,,,,884,,,884,,
969,Gage Larvadain,CLE,9,WR350,,,,885,,,885,,
970,Ja,,'seem Reed,,,WR351,,,,886,,,886
971,Josh Kelly,,,WR352,,,,887,,,887,,
972,Tyler Neville,,,TE168,,,,888,,,888,,
973,Joaquin Davis,,,WR353,,,,889,,,889,,
974,Jerjuan Newton,DEN,12,WR354,,,,890,,,890,,
975,Kyrese Rowan,,,WR355,,,,891,,,891,,
976,Zach Horton,DET,8,TE169,,,,893,,,893,,
977,Jakobie Keeney-James,DET,8,WR356,,,,894,,,894,,
978,Jackson Meeks,,,WR357,,,,895,,,895,,
979,Anthony Tyus III,SEA,8,RB222,,,,896,,,896,,
980,Taylor Elgersma,,,QB130,,,,897,,,897,,
981,TJ Sheffield,,,WR358,,,,899,,,899,,
982,Luke Lachey,HOU,6,TE170,,,,900,,,900,,